grid_id,lat,lon,anomaly_type,scenario,residual,canopy_pct,impervious_pct,minority_pct
CX-197,39.96113,-75.16232,hot,center_city_canyon,7.66,0.0,86.3,34.9
CA-220,39.9404,-75.18922,hot,center_city_canyon,6.01,0.0,61.0,23.9
DR-188,39.96924,-75.13891,hot,center_city_canyon,5.31,0.0,85.5,41.8
DN-231,39.93051,-75.14358,hot,center_city_canyon,5.18,14.7,83.1,31.5
CO-189,39.96833,-75.17286,hot,center_city_canyon,4.87,0.9,74.6,22.3
CD-223,39.9377,-75.1857,hot,center_city_canyon,4.87,0.0,83.7,70.2
CR-222,39.93861,-75.16932,hot,center_city_canyon,4.82,0.0,60.1,42.6
DG-208,39.95123,-75.15178,hot,center_city_canyon,4.8,0.0,88.2,24.4
DK-205,39.95393,-75.1471,hot,center_city_canyon,4.57,0.0,89.2,19.9
CL-222,39.93861,-75.17634,hot,center_city_canyon,4.06,2.6,76.7,45.2
CY-204,39.95482,-75.16115,hot,center_city_canyon,3.92,0.0,88.8,53.9
DN-207,39.95213,-75.14359,hot,center_city_canyon,3.89,0.0,84.2,19.9
DU-193,39.96474,-75.1354,hot,center_city_canyon,3.84,0.0,86.9,41.8
DM-188,39.96924,-75.14477,hot,center_city_canyon,3.66,0.0,81.8,21.4
DG-219,39.94132,-75.15178,hot,center_city_canyon,3.49,0.0,84.1,15.2
DA-214,39.94582,-75.1588,hot,center_city_canyon,3.48,0.0,81.9,27.7
DX-192,39.96564,-75.13189,hot,center_city_canyon,3.46,0.0,85.6,41.8
CD-209,39.95031,-75.18572,hot,center_city_canyon,3.32,0.0,87.3,45.7
DS-197,39.96114,-75.13774,hot,center_city_canyon,3.29,0.0,83.5,31.5
DC-207,39.95213,-75.15646,hot,center_city_canyon,3.26,0.0,87.5,60.8
CQ-207,39.95212,-75.17051,hot,center_city_canyon,3.24,0.0,81.9,20.3
BZ-209,39.95031,-75.1904,hot,center_city_canyon,3.16,0.0,71.4,45.7
CV-219,39.94131,-75.16465,hot,center_city_canyon,3.1,0.0,70.0,33.4
AL-207,39.95207,-75.23721,hot,center_city_canyon,3.01,0.0,73.8,92.6
AJ-201,39.95747,-75.23956,hot,center_city_canyon,2.96,0.0,86.6,96.2
AH-71,40.07455,-75.24211,hot,mt_airy_green,6.25,54.0,12.3,24.5
AH-80,40.06644,-75.2421,hot,mt_airy_green,6.13,32.9,14.5,30.2
AP-83,40.06375,-75.23271,hot,mt_airy_green,5.32,61.2,19.8,24.5
BM-83,40.06378,-75.20575,hot,mt_airy_green,5.17,60.7,9.8,23.6
BH-84,40.06287,-75.21161,hot,mt_airy_green,5.12,45.9,14.4,23.6
AM-81,40.06555,-75.23623,hot,mt_airy_green,4.74,48.9,25.2,24.5
AL-85,40.06195,-75.2374,hot,mt_airy_green,4.45,38.5,43.0,24.5
BI-65,40.07998,-75.21046,hot,mt_airy_green,3.78,38.5,24.1,27.0
AD-79,40.06734,-75.24679,hot,mt_airy_green,3.63,31.4,5.2,30.2
AJ-75,40.07095,-75.23976,hot,mt_airy_green,3.51,88.8,2.1,24.5
AT-81,40.06556,-75.22803,hot,mt_airy_green,3.36,44.2,17.7,24.5
AN-75,40.07095,-75.23507,hot,mt_airy_green,3.21,65.2,26.9,24.5
BK-196,39.962,-75.20796,hot,west_philly_reinvest,6.2,13.0,17.8,78.2
AX-233,39.92867,-75.22313,hot,west_philly_reinvest,5.65,29.5,20.2,96.9
BF-196,39.962,-75.21382,hot,west_philly_reinvest,5.0,29.8,19.8,96.3
BG-227,39.93408,-75.21261,hot,west_philly_reinvest,4.9,49.1,26.6,100.0
X-264,39.90072,-75.25349,hot,west_philly_reinvest,4.86,63.8,12.8,96.6
Y-270,39.89531,-75.25231,hot,west_philly_reinvest,4.56,11.9,52.4,85.5
AX-245,39.91786,-75.22311,hot,west_philly_reinvest,4.47,31.7,28.3,96.9
BG-150,40.00343,-75.2127,hot,west_philly_reinvest,4.3,46.5,8.6,77.7
BF-222,39.93858,-75.21378,hot,west_philly_reinvest,4.27,15.6,46.7,86.6
BM-213,39.9467,-75.20561,hot,west_philly_reinvest,4.22,31.9,15.3,50.3
BB-198,39.96019,-75.2185,hot,west_philly_reinvest,4.11,26.4,17.7,96.5
AK-161,39.9935,-75.23845,hot,west_philly_reinvest,3.77,18.1,60.6,51.0
BP-210,39.9494,-75.2021,hot,west_philly_reinvest,3.65,51.5,36.8,50.3
AA-171,39.98448,-75.25014,hot,west_philly_reinvest,3.2,30.1,45.5,61.6
X-283,39.8836,-75.25346,hot,west_philly_reinvest,3.19,91.5,0.0,85.5
BF-146,40.00703,-75.21388,hot,west_philly_reinvest,3.15,19.2,61.5,87.0
AQ-253,39.91065,-75.23129,hot,west_philly_reinvest,3.14,10.1,70.5,87.0
BJ-148,40.00523,-75.20919,hot,west_philly_reinvest,3.07,20.5,11.9,77.7
FH-152,40.00166,-75.08974,cool,kensington_industrial,-7.04,0.0,83.8,51.3
FJ-168,39.98725,-75.0874,cool,kensington_industrial,-6.84,0.0,87.1,26.0
FO-167,39.98815,-75.08155,cool,kensington_industrial,-5.43,14.8,83.4,26.0
FK-173,39.98275,-75.08623,cool,kensington_industrial,-5.26,0.0,89.9,26.0
DZ-135,40.01698,-75.12956,cool,kensington_industrial,-3.94,0.0,85.0,97.2
FM-171,39.98455,-75.08389,cool,kensington_industrial,-3.91,1.4,44.9,26.0
FN-158,39.99626,-75.08271,cool,kensington_industrial,-3.74,6.0,77.1,13.8
EM-136,40.01608,-75.11433,cool,kensington_industrial,-3.36,0.0,84.5,95.4
FH-174,39.98185,-75.08975,cool,kensington_industrial,-3.1,4.4,86.0,26.0
FK-158,39.99626,-75.08623,cool,kensington_industrial,-2.97,0.0,83.2,13.3
AS-90,40.05745,-75.22919,cool,ne_philly_rooftop,-5.66,7.6,65.8,48.2
AK-89,40.05834,-75.23856,cool,ne_philly_rooftop,-5.32,8.4,61.3,24.7
HV-75,40.07096,-75.01234,cool,ne_philly_rooftop,-5.15,8.4,83.2,43.2
BW-82,40.06468,-75.19403,cool,ne_philly_rooftop,-4.87,7.8,63.1,42.5
FW-81,40.0656,-75.07213,cool,ne_philly_rooftop,-4.66,0.9,84.2,44.1
BV-88,40.05928,-75.1952,cool,ne_philly_rooftop,-4.63,12.6,67.9,41.0
GY-91,40.05658,-75.03932,cool,ne_philly_rooftop,-4.51,1.5,64.7,50.4
GY-33,40.10881,-75.03926,cool,ne_philly_rooftop,-4.43,3.2,84.3,25.8
HQ-35,40.10699,-75.01815,cool,ne_philly_rooftop,-4.39,1.1,90.3,36.1
BK-64,40.08088,-75.20812,cool,ne_philly_rooftop,-4.32,22.0,65.7,27.0
GV-31,40.11062,-75.04278,cool,ne_philly_rooftop,-4.31,1.0,84.5,25.8
HL-73,40.07278,-75.02406,cool,ne_philly_rooftop,-4.3,0.0,85.5,57.5
BL-70,40.07548,-75.20694,cool,ne_philly_rooftop,-4.23,6.1,79.5,14.6
HC-34,40.10791,-75.03457,cool,ne_philly_rooftop,-3.94,0.9,85.0,25.8
BZ-73,40.07279,-75.19053,cool,ne_philly_rooftop,-3.85,25.5,62.6,46.9
BQ-76,40.07008,-75.20107,cool,ne_philly_rooftop,-3.74,10.2,70.5,18.0
AM-97,40.05114,-75.23621,cool,ne_philly_rooftop,-3.52,8.1,73.2,48.2
CB-90,40.05748,-75.18817,cool,ne_philly_rooftop,-3.49,3.8,63.1,40.7
GV-57,40.0872,-75.0428,cool,ne_philly_rooftop,-3.35,5.5,78.8,33.2
IB-25,40.11599,-75.00523,cool,ne_philly_rooftop,-3.33,8.6,79.1,24.6
